lemma,query_term,le_written_form,sense_definition,sense_examples,synset_definition,total_query_term
politionele actie,politionele acties,0,0,1,0,1
politionele actie,politionele actie,0,0,0,0,0
birma,birma,2,0,1,0,3
exotisch,exotische,0,1,3,1,5
exotisch,exotischere,0,0,0,0,0
exotisch,exotischer,0,0,0,0,0
exotisch,exotisch,0,0,2,0,2
handicap,handicaps,0,0,1,0,1
handicap,handicap,5,2,8,2,17
medicijnman,medicijnmannen,0,0,0,0,0
medicijnman,medicijnman,1,0,0,0,1
lilliputter,lilliputters,0,0,0,0,0
lilliputter,lilliputter,1,0,0,0,1
homo,homo's,0,1,7,1,9
homo,homo,2,2,8,2,14
mongool,mongools,2,0,0,0,2
mongool,mongolen,0,0,0,0,0
mongool,mongool,3,1,0,0,4
jap,japs,0,0,0,0,0
jap,jappen,0,0,0,0,0
jap,jap,1,0,0,0,1
islamiet,islamieten,0,0,1,0,1
islamiet,islamiet,1,1,0,0,2
westers,westersere,0,0,0,0,0
westers,westerse,0,0,12,0,12
westers,westerser,0,0,0,0,0
westers,wester,0,0,0,0,0
westers,westerste,0,0,0,0,0
westers,westerst,0,0,0,0,0
westers,westers,0,2,2,1,5
etniciteit,etniciteiten,0,0,0,0,0
etniciteit,etniciteit,1,0,0,0,1
homoseksualiteit,homoseksualiteit,2,0,0,0,2
neger,negers,0,3,1,2,6
neger,neger,2,2,0,2,6
bediende,bedienden,0,0,0,0,0
bediende,bediendes,0,0,0,0,0
bediende,bediend,0,2,4,2,8
bediende,bediende,2,7,10,6,25
hermafrodiet,hermafrodieten,0,0,0,0,0
hermafrodiet,hermafrodiet,2,0,0,0,2
inuk,inuit,1,0,0,0,1
inuk,inuk,0,0,0,0,0
indiaan,indiaans,1,0,0,0,1
indiaan,indianen,0,2,7,2,11
indiaan,indiaan,1,3,1,3,8
afkomst,afkomsten,0,0,0,0,0
afkomst,afkomst,4,6,9,6,25
blank,blankst,0,0,0,0,0
blank,blanke,1,6,9,5,21
blank,blankste,0,0,0,0,0
blank,blankere,0,0,0,0,0
blank,blanker,0,0,0,0,0
blank,blanks,0,0,0,0,0
blank,blanken,0,0,4,0,4
blank,blank,0,1,4,0,5
bombay,bombay,1,0,0,0,1
knecht,knechten,1,0,2,0,3
knecht,knechts,0,0,0,0,0
knecht,knecht,3,4,0,2,9
jappenkamp,jappenkampen,0,1,0,0,1
jappenkamp,jappenkamp,1,0,1,0,2
homoseksueel,homoseksueels,0,0,0,0,0
homoseksueel,homoseksuelen,0,2,0,1,3
homoseksueel,homoseksueelst,0,0,0,0,0
homoseksueel,homoseksueelste,0,0,0,0,0
homoseksueel,homoseksueler,0,0,0,0,0
homoseksueel,homoseksuelere,0,0,0,0,0
homoseksueel,homoseksuele,1,1,1,1,4
homoseksueel,homoseksueel,1,3,1,3,8
stam,stammen,1,1,9,1,12
stam,stam,6,5,10,5,26
oriëntaals,oriëntaal,0,0,0,0,0
oriëntaals,oriëntaalsere,0,0,0,0,0
oriëntaals,oriëntaler,0,0,0,0,0
oriëntaals,oriëntaalste,0,0,0,0,0
oriëntaals,oriëntaalser,0,0,0,0,0
oriëntaals,oriëntale,0,0,0,0,0
oriëntaals,oriëntalere,0,0,0,0,0
oriëntaals,oriëntaalse,0,0,0,0,0
oriëntaals,oriëntaalst,0,0,0,0,0
oriëntaals,oriëntaals,0,0,0,0,0
batavia,batavia,0,0,1,0,1
halfbloed,halfbloeden,0,0,0,0,0
halfbloed,halfbloed,4,0,0,0,4
boslandcreool,boslandcreolen,0,0,0,0,0
boslandcreool,boslandcreool,0,0,0,0,0
queer,queer,0,0,0,0,0
zigeuner,zigeuners,0,3,2,3,8
zigeuner,zigeuner,2,0,2,0,4
bosneger,bosnegers,0,0,0,0,0
bosneger,bosneger,1,0,0,0,1
ontwikkelingsland,ontwikkelingslanden,0,3,2,3,8
ontwikkelingsland,ontwikkelingsland,2,1,1,0,4
zwart,zwartste,0,0,0,0,0
zwart,zwarten,0,0,5,0,5
zwart,zwartst,0,0,0,0,0
zwart,zwartere,0,0,0,0,0
zwart,zwarte,4,32,62,25,123
zwart,zwarter,0,0,0,0,0
zwart,zwarts,0,0,0,0,0
zwart,zwart,3,17,26,16,62
traditioneel,traditioneelste,0,0,0,0,0
traditioneel,traditioneels,0,0,0,0,0
traditioneel,traditioneelst,0,0,0,0,0
traditioneel,traditionelere,0,0,0,0,0
traditioneel,traditionele,0,3,11,3,17
traditioneel,traditioneler,0,0,0,0,0
traditioneel,traditioneel,0,6,2,3,11
mesties,mestiezen,0,0,0,0,0
mesties,mesties,1,0,0,0,1
primitief,primitieve,0,2,1,2,5
primitief,primitiefste,0,0,0,0,0
primitief,primitievere,0,0,0,0,0
primitief,primitiefst,0,0,0,0,0
primitief,primitiefs,0,0,0,0,0
primitief,primitiever,0,0,0,0,0
primitief,primitief,1,2,0,3,6
ontdekken,ontdekken,4,3,18,2,27
koppensneller,koppensnellers,0,0,0,0,0
koppensneller,koppensneller,2,0,0,0,2
lagelonenland,lagelonenlanden,0,0,0,0,0
lagelonenland,lagelonenland,0,0,0,0,0
inlander,inlanders,0,0,1,0,1
inlander,inlander,1,0,0,0,1
dwerg,dwergen,0,0,2,0,2
dwerg,dwerg,3,0,0,0,3
gay,gaye,0,0,0,0,0
gay,gayer,0,0,0,0,0
gay,gayst,0,0,0,0,0
gay,gays,0,0,0,0,0
gay,gayste,0,0,0,0,0
gay,gay,1,0,0,0,1
baboe,baboes,0,0,0,0,0
baboe,baboe,2,0,0,0,2
indisch,indische,0,1,6,1,8
indisch,indischere,0,0,0,0,0
indisch,indischer,0,0,0,0,0
indisch,indisch,0,4,2,3,9
berber,berbers,1,0,0,0,1
berber,berber,2,0,0,0,2
pygmee,pygmeeën,0,0,1,0,1
pygmee,pygmee,2,0,0,0,2
gekleurd,gekleurdste,0,0,0,0,0
gekleurd,gekleurde,0,4,4,4,12
gekleurd,gekleurdst,0,0,0,0,0
gekleurd,gekleurder,0,0,0,0,0
gekleurd,gekleurds,0,0,0,0,0
gekleurd,gekleurdere,0,0,0,0,0
gekleurd,gekleurd,0,3,4,3,10
roots,roots,0,0,0,0,0
kaukasisch,kaukasischer,0,0,0,0,0
kaukasisch,kaukasischere,0,0,0,0,0
kaukasisch,kaukasische,1,0,0,0,1
kaukasisch,kaukasisch,0,0,0,0,0
achterlijk,achterlijkst,0,0,0,0,0
achterlijk,achterlijkste,0,0,0,0,0
achterlijk,achterlijker,0,0,0,0,0
achterlijk,achterlijkheid,2,0,0,0,2
achterlijk,achterlijkere,0,0,0,0,0
achterlijk,achterlijken,0,0,0,0,0
achterlijk,achterlijke,2,0,1,0,3
achterlijk,achterlijks,0,0,0,0,0
achterlijk,achterlijk,0,0,0,0,0
mulat,mulatten,0,0,0,0,0
mulat,mulat,2,0,0,0,2
ras,rast,0,0,0,0,0
ras,rassere,0,0,0,0,0
ras,rassen,1,3,2,3,9
ras,rasse,0,0,0,0,0
ras,rasser,0,0,0,0,0
ras,raste,0,0,0,0,0
ras,ras,5,13,3,13,34
etnische groep,etnische groepen,0,0,1,0,1
etnische groep,etnische groep,0,0,0,0,0
eerste wereld,eerste wereld,0,0,0,0,0
aboriginal,aboriginals,0,0,0,0,0
aboriginal,aboriginal,1,0,0,0,1
travestiet,travestieten,0,0,0,0,0
travestiet,travestiet,1,0,0,0,1
barbaar,barbaren,0,0,2,0,2
barbaar,barbaar,4,0,1,0,5
derde wereld,derde wereld,0,1,4,1,6
slaaf,slaven,2,4,2,4,12
slaaf,slaaf,5,2,5,3,15
primitivisme,primitivismen,0,0,0,0,0
primitivisme,primitivisme,0,0,0,0,0
eskimo,eskimo's,0,0,2,1,3
eskimo,eskimo,2,0,2,1,5
page,pages,0,0,0,0,0
page,page,2,0,0,0,2
zuid-rhodesië,zuid-rhodesië,0,0,0,0,0
inboorling,inboorlingen,0,0,1,0,1
inboorling,inboorling,2,0,0,0,2
hottentot,hottentotten,0,0,0,0,0
hottentot,hottentot,1,0,0,0,1
calcutta,calcutta,1,0,1,0,2
indo,indo's,0,0,0,0,0
indo,indo,0,1,0,1,2
mohammedaan,mohammedanen,0,1,0,1,2
mohammedaan,mohammedaan,1,2,0,1,4
madras,madras,1,0,0,0,1
moor,moors,1,0,0,0,1
moor,moren,0,0,1,0,1
moor,moor,5,0,0,0,5
gehandicapte,gehandicapten,0,2,10,1,13
gehandicapte,gehandicapte,1,3,3,3,10
koelie,koelies,0,0,0,0,0
koelie,koelie,3,0,0,0,3
volbloed,volbloeden,0,0,0,0,0
volbloed,volbloed,1,0,1,0,2
métis,metis,0,0,0,0,0
métis,métis,0,0,0,0,0
marron,marrons,0,0,0,0,0
marron,marron,0,0,0,0,0
kaffer,kaffers,0,0,0,0,0
kaffer,kaffer,2,0,1,0,3
allochtoon,allochtoons,0,0,0,0,0
allochtoon,allochtoner,0,0,0,0,0
allochtoon,allochtone,0,0,0,0,0
allochtoon,allochtonere,0,0,0,0,0
allochtoon,allochtoonst,0,0,0,0,0
allochtoon,allochtoonste,0,0,0,0,0
allochtoon,allochtonen,0,0,5,0,5
allochtoon,allochtoon,2,0,0,0,2
tweede wereld,tweede wereld,0,0,0,0,0
wit,wits,0,0,0,0,0
wit,witten,4,0,3,0,7
wit,witte,0,22,74,21,117
wit,witter,0,1,0,1,2
wit,wittere,0,0,0,0,0
wit,witst,0,0,0,0,0
wit,witste,0,0,0,0,0
wit,wit,3,19,32,14,68
inheems,inheemsere,0,0,0,0,0
inheems,inheemste,0,0,0,0,0
inheems,inheemse,0,2,2,2,6
inheems,inheemst,0,0,0,0,0
inheems,inheemser,0,0,0,0,0
inheems,inheems,0,0,0,0,0
trans,transen,0,0,0,0,0
trans,trans,3,0,2,0,5
